<?xml version="1.0" encoding="UTF-8"?>
<project-private xmlns="http://www.netbeans.org/ns/project-private/1">
    <editor-bookmarks xmlns="http://www.netbeans.org/ns/editor-bookmarks/2" lastBookmarkId="0"/>
    <open-files xmlns="http://www.netbeans.org/ns/projectui-open-files/2">
        <group>
            <file>file:/C:/Users/isaqu/OneDrive/Documentos/NetBeansProjects/integradati3/src/integradati3/produtos.java</file>
            <file>file:/C:/Users/isaqu/OneDrive/Documentos/NetBeansProjects/integradati3/src/integradati3/Integradati3.java</file>
            <file>file:/C:/Users/isaqu/OneDrive/Documentos/NetBeansProjects/integradati3/src/integradati3/login.java</file>
            <file>file:/C:/Users/isaqu/OneDrive/Documentos/NetBeansProjects/integradati3/src/integradati3/fornecedor.java</file>
            <file>file:/C:/Users/isaqu/OneDrive/Documentos/NetBeansProjects/integradati3/src/integradati3/inicio1.java</file>
            <file>file:/C:/Users/isaqu/OneDrive/Documentos/NetBeansProjects/integradati3/src/integradati3/cadastro.java</file>
            <file>file:/C:/Users/isaqu/OneDrive/Documentos/NetBeansProjects/integradati3/src/integradati3/funcionario.java</file>
        </group>
    </open-files>
</project-private>
