"clientes","Nome","Email","Cpf","Endereço","Sexo","cep"
"1","João Silva","joao@email.com","12345678901","Rua Avelina 123","Masculino","12345678"
"2","Maria Souza","maria@email.com","23456789012","Avenida B, 456","Feminino","23456789"
"3","Carlos Santos","carlos@email.com","34567890123","Rua C, 789","Masculino","34567890"
"4","Ana Pereira","ana@email.com","45678901234","Avenida D, 1011","Feminino","45678901"
"5","Pedro Oliveira","pedro@email.com","56789012345","Rua E, 1213","Masculino","56789012"
"6","Isabel Ferreira","isabel@email.com","67890123456","Avenida F, 1415","Feminino","67890123"
"7","Paulo Rocha","paulo@email.com","78901234567","Rua G, 1617","Masculino","78901234"
"8","Luisa Mendes","luisa@email.com","89012345678","Avenida H, 1819","Feminino","89012345"
"9","Fernando Costa","fernando@email.com","90123456789","Rua I, 2021","Masculino","90123456"
"10","Patrícia Silva","patricia@email.com","67890123456","Rua P, 3435","Feminino","67890123"
