"fornecedors","fornecedores","nome","Email","Cnpj","endereço","telefone"
"null","1","Lima","fornecedorA@email.com","49.824.334./0001-79","Rua das Flores, 123","(11) 98765-4321"
"null","2","Vitor","fornecedorB@email.com","43.113.746/0001-14","Avenida Central, 456","(11) 12345-6789"
"null","3","Iaan","fornecedorC@email.com","12.345.678/0001-91","Rua dos Lírios, 235","(11) 91234-5678"
"null","4","Enzo","fornecedorD@email.com","23.456.789/0002-82","Avenida Planalto, 567","(11) 98765-1234"
"null","5","Felipe","fornecedorE@email.com","34.567.890/0003-73","Travessa do Sol, 45","(11) 92345-6789"
"null","6","João","fornecedorF@email.com","45.678.901/0004-64","Praça da Estação, 89","(11) 93456-7890"
"null","7","Diego","fornecedorG@email.com","56.789.012/0005-55","Beco dos Cataventos, 21","(11) 94567-8901"
"null","8","Pedro","fornecedorH@email.com","67.890.123/0006-46","Rua da Harmonia, 678","(11) 95678-9012"
"null","9","Vinicius","fornecedorI@email.com","78.901.234/0007-37","Alameda dos Anjos, 90","(11) 96789-0123"
"null","10","Amanda","fornecedorJ@email.com","89.012.345/0008-28","Rua do Comércio, 123","(11) 97890-1234"
